Sample ID,latitude,longitude
A23-5,37.98668,37.49102
A23-6,37.98668,37.49102
A23-7,37.98668,37.49102
A23-8,37.98668,37.49102
A23-10A,38.02002,37.23339
A23-10B,38.02002,37.23339
A23-11,38.02002,37.23339
A23-12A,38.02003,37.23346
A23-12B,38.02003,37.23346
A23-12C,38.02003,37.23346
A23-16,38.06508,36.96174
A23-19,38.06508,36.96174
A23-20,38.06508,36.96174
A23-22,38.06480,36.97095
A23-24,38.03255,37.15418
A23-25,38.03255,37.15418
A23-26A,38.05330,37.04028
A23-26B,38.05330,37.04028
A23-26C,38.05330,37.04028
A23-26D,38.05330,37.04028
A23-28A,37.97934,37.63013
A23-28B,37.97934,37.63013
A23-28C,37.97934,37.63013
A24-2A,38.14133,37.954576
A24-2B,38.14133,37.954576
TK25-1,38.09683,37.86259
TK25-2,38.09671,37.86318
TK25-3,38.01222,37.29762